{"has_child":1,"home_url":"http:\/\/localhost\/vitamin","root_flag":"custom","php_version":"8.2.12","mysql_version":"10.4.32","wp_version":"6.9","child_file":{"localhost_vitamin_wpvivid-0ed5604d3a217_2026-01-29-05-24_backup_db.zip":{"files":["localhost_vitamin_wpvivid-0ed5604d3a217_2026-01-29-05-24_backup_db.sql"],"tables":[{"name":"wp_mainwp_wpvivid","size":16384,"rows":"0"},{"name":"wp_mainwp_wpvivid_global","size":16384,"rows":"0"},{"name":"wp_mainwp_wpvivid_global_options","size":16384,"rows":"1"},{"name":"wp_mainwp_wpvividmeta","size":16384,"rows":"0"},{"name":"wp_links","size":32768,"rows":"0"},{"name":"wp_term_relationships","size":32768,"rows":"15"},{"name":"wp_commentmeta","size":49152,"rows":"0"},{"name":"wp_term_taxonomy","size":49152,"rows":"7"},{"name":"wp_termmeta","size":49152,"rows":"4"},{"name":"wp_terms","size":49152,"rows":"8"},{"name":"wp_usermeta","size":49152,"rows":"27"},{"name":"wp_users","size":65536,"rows":"0"},{"name":"wp_podsrel","size":81920,"rows":"5"},{"name":"wp_comments","size":98304,"rows":"0"},{"name":"wp_postmeta","size":98304,"rows":"508"},{"name":"wp_posts","size":147456,"rows":"70"},{"name":"wp_options","size":1097728,"rows":"288"}],"dump_db":1,"file_type":"databases","home_url":"http:\/\/localhost\/vitamin","root_flag":"custom","php_version":"8.2.12","mysql_version":"10.4.32","wp_version":"6.9","find_zero_date":1,"file":"localhost_vitamin_wpvivid-0ed5604d3a217_2026-01-29-05-24_backup_db.part001.zip"},"localhost_vitamin_wpvivid-0ed5604d3a217_2026-01-29-05-24_backup_themes.zip":{"file_type":"themes","root_flag":"wp-content","php_version":"8.2.12","mysql_version":"10.4.32","wp_version":"6.9","themes":{"Portfolio":{"slug":"Portfolio"}},"file":"localhost_vitamin_wpvivid-0ed5604d3a217_2026-01-29-05-24_backup_themes.part001.zip"},"localhost_vitamin_wpvivid-0ed5604d3a217_2026-01-29-05-24_backup_plugin.zip":{"file_type":"plugin","root_flag":"wp-content","php_version":"8.2.12","mysql_version":"10.4.32","wp_version":"6.9","plugin":{"pods":{"slug":"pods"}},"file":"localhost_vitamin_wpvivid-0ed5604d3a217_2026-01-29-05-24_backup_plugin.part001.zip"},"localhost_vitamin_wpvivid-0ed5604d3a217_2026-01-29-05-24_backup_uploads.zip":{"file_type":"upload","root_flag":"wp-content","php_version":"8.2.12","mysql_version":"10.4.32","wp_version":"6.9","file":"localhost_vitamin_wpvivid-0ed5604d3a217_2026-01-29-05-24_backup_uploads.part001.zip"},"localhost_vitamin_wpvivid-0ed5604d3a217_2026-01-29-05-24_backup_content.zip":{"file_type":"wp-content","root_flag":"wp-content","php_version":"8.2.12","mysql_version":"10.4.32","wp_version":"6.9","file":"localhost_vitamin_wpvivid-0ed5604d3a217_2026-01-29-05-24_backup_content.part001.zip"},"localhost_vitamin_wpvivid-0ed5604d3a217_2026-01-29-05-24_backup_core.zip":{"file_type":"wp-core","include_path":["wp-includes","wp-admin"],"wp_core":1,"root_flag":"root","home_url":"http:\/\/localhost\/vitamin","file":"localhost_vitamin_wpvivid-0ed5604d3a217_2026-01-29-05-24_backup_core.part001.zip"}},"file":"localhost_vitamin_wpvivid-0ed5604d3a217_2026-01-29-05-24_backup_all.part001.zip"}